Indiv,Pop_old,Pop_new,Pop_name,DateSampled,Genotype,Genotype1,Frequency,AAC92,,AAC71,,AC8,,AT102,,AC111,,AC101,,ACC81,
Bi70,12,1,hallowed,20-09-15,8,1,10,3,3,3,3,2,3,4,4,24,24,10,11,8,12
Bi71,12,1,hallowed,20-09-15,8,1,10,3,3,3,3,2,3,4,4,24,24,10,11,8,12
Bi72,12,1,hallowed,20-09-15,8,1,10,3,3,3,3,2,3,4,4,24,24,10,11,8,12
Bi73,12,1,hallowed,20-09-15,8,1,10,3,3,3,3,2,3,4,4,24,24,10,11,8,12
Bi74,12,1,hallowed,20-09-15,8,1,10,3,3,3,3,2,3,4,4,24,24,10,11,8,12
Bi75,12,1,hallowed,20-09-15,8,1,10,3,3,3,3,2,3,4,4,24,24,10,11,8,12
Bi76,12,1,hallowed,20-09-15,8,1,10,3,3,3,3,2,3,4,4,24,24,10,11,8,12
Bi77,12,1,hallowed,20-09-15,8,1,10,3,3,3,3,2,3,4,4,24,24,10,11,8,12
Bi78,12,1,hallowed,20-09-15,8,1,10,3,3,3,3,2,3,4,4,24,24,10,11,8,12
Bi79,12,1,hallowed,20-09-15,8,1,10,3,3,3,3,2,3,4,4,24,24,10,11,8,12
Bi88,12,1,hallowed,23-09-15,8,1,8,3,3,3,3,2,3,4,4,24,24,10,11,8,12
Bi90,12,1,hallowed,23-09-15,8,1,8,3,3,3,3,2,3,4,4,24,24,10,11,8,12
Bi91,12,1,hallowed,23-09-15,8,1,8,3,3,3,3,2,3,4,4,24,24,10,11,8,12
Bi94,12,1,hallowed,23-09-15,8,1,8,3,3,3,3,2,3,4,4,24,24,10,11,8,12
Bi96,12,1,hallowed,23-09-15,8,1,8,3,3,3,3,2,3,4,4,24,24,10,11,8,12
Bi98,12,1,hallowed,23-09-15,8,1,8,3,3,3,3,2,3,4,4,24,24,10,11,8,12
Bi99,12,1,hallowed,23-09-15,8,1,8,3,3,3,3,2,3,4,4,24,24,10,11,8,12
Bi100,12,1,hallowed,23-09-15,8,1,8,3,3,3,3,2,3,4,4,24,24,10,11,8,12
Bi114,12,1,hallowed,26-09-15,8,1,5,3,3,3,3,2,3,4,4,24,24,10,11,8,12
Bi115,12,1,hallowed,26-09-15,8,1,5,3,3,3,3,2,3,4,4,24,24,10,11,8,12
Bi116,12,1,hallowed,26-09-15,8,1,5,3,3,3,3,2,3,4,4,24,24,10,11,8,12
Bi117,12,1,hallowed,26-09-15,8,1,5,3,3,3,3,2,3,4,4,24,24,10,11,8,12
Bi118,12,1,hallowed,26-09-15,8,1,5,3,3,3,3,2,3,4,4,24,24,10,11,8,12
Bi85,12,1,hallowed,23-09-15,9,2,10,3,3,3,6,2,4,2,4,2,16,7,15,8,13
Bi87,12,1,hallowed,23-09-15,9,2,10,3,3,3,6,2,4,2,4,2,16,7,15,8,13
Bi89,12,1,hallowed,23-09-15,9,2,10,3,3,3,6,2,4,2,4,2,16,7,15,8,13
Bi92,12,1,hallowed,23-09-15,9,2,10,3,3,3,6,2,4,2,4,2,16,7,15,8,13
Bi101,12,1,hallowed,23-09-15,9,2,10,3,3,3,6,2,4,2,4,2,16,7,15,8,13
Bi102,12,1,hallowed,23-09-15,9,2,10,3,3,3,6,2,4,2,4,2,16,7,15,8,13
Bi103,12,1,hallowed,23-09-15,9,2,10,3,3,3,6,2,4,2,4,2,16,7,15,8,13
Bi104,12,1,hallowed,23-09-15,9,2,10,3,3,3,6,2,4,2,4,2,16,7,15,8,13
Bi105,12,1,hallowed,23-09-15,9,2,10,3,3,3,6,2,4,2,4,2,16,7,15,8,13
Bi106,12,1,hallowed,23-09-15,9,2,10,3,3,3,6,2,4,2,4,2,16,7,15,8,13
Bi86,12,1,hallowed,23-09-15,10,3,2,5,5,3,6,2,2,4,8,12,20,6,15,4,4
Bi95,12,1,hallowed,23-09-15,10,3,2,5,5,3,6,2,2,4,8,12,20,6,15,4,4
Bi93,12,1,hallowed,23-09-15,11,4,1,3,3,3,7,2,12,3,7,36,36,13,15,8,8
Bi97,12,1,hallowed,23-09-15,12,5,1,2,2,NA,NA,NA,NA,NA,NA,2,16,7,15,8,13
Bi113,12,1,hallowed,26-09-15,13,6,1,2,3,3,6,2,4,2,4,2,16,NA,NA,8,13
1,1,3,leaning,29-08-15,1,7,3,2,2,7,10,2,2,4,4,16,28,2,17,8,8
2,1,3,leaning,29-08-15,1,7,3,2,2,7,10,2,2,4,4,16,28,2,17,8,8
3,1,3,leaning,29-08-15,1,7,3,2,2,7,10,2,2,4,4,16,28,2,17,8,8
Bi45,1,3,leaning,30-08-15,1,7,1,2,2,7,10,2,2,4,4,16,28,2,17,8,8
Bi66,1,3,leaning,20-09-15,1,7,3,2,2,7,10,2,2,4,4,16,28,2,17,8,8
Bi67,1,3,leaning,20-09-15,1,7,3,2,2,7,10,2,2,4,4,16,28,2,17,8,8
Bi68,1,3,leaning,20-09-15,1,7,3,2,2,7,10,2,2,4,4,16,28,2,17,8,8
Bi83,1,3,leaning,23-09-15,1,7,3,2,2,7,10,2,2,4,4,16,28,2,17,8,8
Bi84,1,3,leaning,23-09-15,1,7,3,2,2,7,10,2,2,4,4,16,28,2,17,8,8
Bi111,1,3,leaning,23-09-15,1,7,3,2,2,7,10,2,2,4,4,16,28,2,17,8,8
Bi133a,1,3,leaning,27-09-15,1,7,2,2,2,7,10,2,2,4,4,16,28,2,17,8,8
Bi133b,1,3,leaning,27-09-15,1,7,2,2,2,7,10,2,2,4,4,16,28,2,17,8,8
Bi141,1,3,leaning,04-10-15,1,7,4,2,2,7,10,2,2,4,4,16,28,2,17,8,8
Bi142,1,3,leaning,04-11-15,1,7,4,2,2,7,10,2,2,4,4,16,28,2,17,8,8
Bi143,1,3,leaning,04-12-15,1,7,4,2,2,7,10,2,2,4,4,16,28,2,17,8,8
Bi144,1,3,leaning,04-13-2015,1,7,4,2,2,7,10,2,2,4,4,16,28,2,17,8,8
4,1,3,leaning,29-08-15,2,8,1,4,6,3,3,2,4,4,4,12,12,8,17,8,8
Bi112,1,3,leaning,23-09-15,3,9,1,2,2,7,10,2,2,NA,NA,16,28,2,17,8,8
Bi134,6,4,corner,27-09-15,4,10,1,3,4,3,3,2,2,2,2,16,28,11,13,8,8
Bi64,6,4,corner,20-09-15,4,10,2,3,4,3,3,2,2,2,2,16,28,11,13,8,8
Bi65,6,4,corner,20-09-15,4,10,2,3,4,3,3,2,2,2,2,16,28,11,13,8,8
Bi108,6,4,corner,23-09-15,4,10,2,3,4,3,3,2,2,2,2,16,28,11,13,8,8
Bi110,6,4,corner,23-09-15,4,10,2,3,4,3,3,2,2,2,2,16,28,11,13,8,8
Bi121,6,4,corner,27-09-15,4,10,1,3,4,3,3,2,2,2,2,16,28,11,13,8,8
Bi138,6,4,corner,30-09-15,4,10,1,3,4,3,3,2,2,2,2,16,28,11,13,8,8
Bi43,6,4,corner,30-08-15,5,11,1,3,3,7,7,2,2,4,4,32,32,11,15,8,8
Bi44,6,4,corner,30-08-15,6,12,1,3,3,3,7,2,12,3,7,36,36,13,15,8,8
Bi82,6,4,corner,23-09-15,6,12,2,3,3,3,7,2,12,3,7,36,36,13,15,8,8
Bi109,6,4,corner,23-09-15,6,12,2,3,3,3,7,2,12,3,7,36,36,13,15,8,8
Bi122,6,4,corner,27-09-15,6,12,1,3,3,3,7,2,12,3,7,36,36,13,15,8,8
Bi137,6,4,corner,30-09-15,6,12,1,3,3,3,7,2,12,3,7,36,36,13,15,8,8
Bi139,6,4,corner,30-09-15,7,13,1,3,4,3,3,2,2,2,3,16,28,11,13,8,8
5,2,5,belowgite,29-08-15,14,14,8,5,5,3,5,2,2,2,4,16,28,10,13,8,8
6,2,5,belowgite,29-08-15,14,14,8,5,5,3,5,2,2,2,4,16,28,10,13,8,8
7,2,5,belowgite,29-08-15,14,14,8,5,5,3,5,2,2,2,4,16,28,10,13,8,8
8,2,5,belowgite,29-08-15,14,14,8,5,5,3,5,2,2,2,4,16,28,10,13,8,8
Bi69,2,5,belowgite,20-09-15,14,14,8,5,5,3,5,2,2,2,4,16,28,10,13,8,8
Bi130,2,5,belowgite,27-09-15,14,14,8,5,5,3,5,2,2,2,4,16,28,10,13,8,8
Bi131,2,5,belowgite,27-09-15,14,14,8,5,5,3,5,2,2,2,4,16,28,10,13,8,8
Bi132,2,5,belowgite,27-09-15,14,14,8,5,5,3,5,2,2,2,4,16,28,10,13,8,8
Bi58,11,7,lonebirch,17-09-15,18,15,2,4,4,3,3,2,10,3,3,16,20,11,15,8,8
Bi60,11,7,lonebirch,18-09-15,18,15,2,4,4,3,3,2,2,3,3,16,20,11,15,8,8
Bi80,11,7,lonebirch,20-09-15,19,16,3,4,4,3,4,2,2,3,7,28,32,15,15,2,8
Bi59,11,7,lonebirch,18-09-15,19,16,3,4,4,3,4,2,2,3,7,28,32,15,15,2,8
Bi61,11,7,lonebirch,18-09-15,19,16,3,4,4,3,4,2,2,3,7,28,32,15,15,2,8
Bi81,11,7,lonebirch,20-09-15,20,17,1,5,5,3,4,2,2,3,3,14,14,15,15,8,8
Bi57,10,12,scraggy,02-09-15,15,18,1,2,2,7,10,2,2,4,4,16,28,2,17,8,8
Bi135,10,12,scraggy,27-09-15,16,19,2,2,4,3,3,1,2,4,8,28,28,11,13,8,8
Bi136,10,12,scraggy,27-09-15,16,19,2,2,4,3,3,1,2,4,8,28,28,11,13,8,8
Bi140,10,12,scraggy,04-10-15,17,20,1,2,5,3,8,1,2,3,7,20,28,10,13,8,12
