7,134,14,,,,,,,,,,,,,
,,,,,,,,,,,,,,,
Ind,Pop,AAC92,,AAC71,,AC8,,AT102,,AC111,,AC101,,ACC81,
1,1,2,2,7,10,2,2,4,4,16,28,2,17,8,8
2,1,2,2,7,10,2,2,4,4,16,28,2,17,8,8
3,1,2,2,7,10,2,2,4,4,16,28,2,17,8,8
4,1,4,6,3,3,2,4,4,4,12,12,8,17,8,8
Bi45,1,2,2,7,10,2,2,4,4,16,28,2,17,8,8
Bi66,1,2,2,7,10,2,2,4,4,16,28,2,17,8,8
Bi67,1,2,2,7,10,2,2,4,4,16,28,2,17,8,8
Bi68,1,2,2,7,10,2,2,4,4,16,28,2,17,8,8
Bi83,1,2,2,7,10,2,2,4,4,16,28,2,17,8,8
Bi84,1,2,2,7,10,2,2,4,4,16,28,2,17,8,8
Bi111,1,2,2,7,10,2,2,4,4,16,28,2,17,8,8
Bi112,1,2,2,7,10,2,2,0,0,16,28,2,17,8,8
Bi133a,1,2,2,7,10,2,2,4,4,16,28,2,17,8,8
Bi133b,1,2,2,7,10,2,2,4,4,16,28,2,17,8,8
Bi141,1,2,2,7,10,2,2,4,4,16,28,2,17,8,8
Bi142,1,2,2,7,10,2,2,4,4,16,28,2,17,8,8
Bi143,1,2,2,7,10,2,2,4,4,16,28,2,17,8,8
Bi144,1,2,2,7,10,2,2,4,4,16,28,2,17,8,8
5,2,5,5,3,5,2,2,2,4,16,28,10,13,8,8
6,2,5,5,3,5,2,2,2,4,16,28,10,13,8,8
7,2,5,5,3,5,2,2,2,4,16,28,10,13,8,8
8,2,5,5,3,5,2,2,2,4,16,28,10,13,8,8
Bi69,2,5,5,3,5,2,2,2,4,16,28,10,13,8,8
Bi130,2,5,5,3,5,2,2,2,4,16,28,10,13,8,8
Bi131,2,5,5,3,5,2,2,2,4,16,28,10,13,8,8
Bi132,2,5,5,3,5,2,2,2,4,16,28,10,13,8,8
13,3,2,3,3,7,2,2,4,4,16,54,13,13,8,8
14,3,2,4,3,7,2,2,4,4,20,54,10,13,8,8
15,3,2,2,3,7,2,10,4,4,16,20,0,0,8,8
16,3,3,4,3,7,2,2,2,4,16,46,0,0,8,8
17,3,3,4,3,7,2,2,2,4,16,46,13,13,8,8
18,4,4,4,6,6,2,2,3,4,16,16,13,17,8,8
19,4,4,4,6,6,2,10,3,4,16,16,1,1,8,8
20,4,0,0,3,3,2,10,2,4,16,46,1,1,8,8
21,4,5,5,3,3,2,10,2,4,16,16,1,1,8,8
22,4,2,4,3,7,2,10,2,4,16,16,1,1,8,8
23,4,3,5,3,7,2,10,2,4,16,16,1,1,8,8
24,4,4,4,6,6,2,2,3,4,16,16,13,17,8,8
25,4,4,4,6,6,2,2,3,4,16,16,13,17,8,8
26,4,4,4,6,6,2,10,3,4,16,16,1,1,8,8
27,4,4,4,6,6,2,2,3,4,16,16,13,17,8,8
28,4,4,4,6,6,2,10,3,4,16,16,1,1,8,8
29,4,5,5,3,3,2,10,4,4,16,28,1,1,8,8
30,4,2,5,3,3,2,10,4,4,16,28,1,1,8,8
31,4,4,4,6,7,2,10,3,4,16,16,1,1,8,8
32,4,2,4,6,6,2,10,3,4,16,20,1,1,0,0
33,4,4,4,0,0,2,10,0,0,46,46,1,1,0,0
34,4,4,4,6,6,10,10,0,0,16,16,1,1,0,0
35,4,4,4,6,6,2,10,3,4,16,16,1,1,8,8
36a,4,4,4,6,6,2,10,4,4,16,46,1,1,8,8
36b,4,5,5,3,7,2,10,2,4,16,28,1,1,0,0
Cep37,5,2,5,3,5,2,10,4,4,16,28,1,22,8,8
Cep39,5,2,5,3,6,2,10,4,4,0,0,1,22,8,8
Cep42a,5,2,2,7,10,2,10,0,0,16,16,1,22,0,0
Cep42b,5,2,2,10,10,0,0,4,4,16,28,1,22,8,8
Bi134,6,3,4,3,3,2,2,2,2,16,28,11,13,8,8
Bi43,6,3,3,7,7,2,2,4,4,32,32,11,15,8,8
Bi44,6,3,3,3,7,2,12,3,7,36,36,13,15,8,8
Bi64,6,3,4,3,3,2,2,2,2,16,28,11,13,8,8
Bi65,6,3,4,3,3,2,2,2,2,16,28,11,13,8,8
Bi82,6,3,3,3,7,2,12,3,7,36,36,13,15,8,8
Bi108,6,3,4,3,3,2,2,2,2,16,28,11,13,8,8
Bi109,6,3,3,3,7,2,12,3,7,36,36,13,15,8,8
Bi110,6,3,4,3,3,2,2,2,2,16,28,11,13,8,8
Bi121,6,3,4,3,3,2,2,2,2,16,28,11,13,8,8
Bi122,6,3,3,3,7,2,12,3,7,36,36,13,15,8,8
Bi137,6,3,3,3,7,2,12,3,7,36,36,13,15,8,8
Bi138,6,3,4,3,3,2,2,2,2,16,28,11,13,8,8
Bi139,6,3,4,3,3,2,2,2,3,16,28,11,13,8,8
Bi46,7,2,2,3,7,2,10,4,4,16,28,1,1,8,8
Bi47,7,1,3,6,7,10,10,0,0,16,36,1,1,0,0
Bi48,7,2,2,7,10,2,12,4,4,16,28,1,1,8,8
Bi51,9,4,4,0,0,2,10,0,0,18,18,1,1,0,0
Bi52,9,2,4,0,0,2,10,0,0,16,16,1,1,0,0
Bi53,9,2,2,3,3,10,10,4,4,16,16,0,0,0,0
Bi54,9,5,5,0,0,2,10,0,0,18,18,1,1,0,0
Bi57,10,2,2,7,10,2,2,4,4,16,28,2,17,8,8
Bi135,10,2,4,3,3,1,2,4,8,28,28,11,13,8,8
Bi136,10,2,4,3,3,1,2,4,8,28,28,11,13,8,8
Bi140,10,2,5,3,8,1,2,3,7,20,28,10,13,8,12
Bi58,11,4,4,3,3,2,10,3,3,16,20,11,15,8,8
Bi59,11,4,4,3,4,2,2,3,7,28,32,15,15,2,8
Bi60,11,4,4,3,3,2,2,3,3,16,20,11,15,8,8
Bi61,11,4,4,3,4,2,2,3,7,28,32,15,15,2,8
Bi80,11,4,4,3,4,2,2,3,7,28,32,15,15,2,8
Bi81,11,5,5,3,4,2,2,3,3,14,14,15,15,8,8
Bi70,12,3,3,3,3,2,3,4,4,24,24,10,11,8,12
Bi71,12,3,3,3,3,2,3,4,4,24,24,10,11,8,12
Bi72,12,3,3,3,3,2,3,4,4,24,24,10,11,8,12
Bi73,12,3,3,3,3,2,3,4,4,24,24,10,11,8,12
Bi74,12,3,3,3,3,2,3,4,4,24,24,10,11,8,12
Bi75,12,3,3,3,3,2,3,4,4,24,24,10,11,8,12
Bi76,12,3,3,3,3,2,3,4,4,24,24,10,11,8,12
Bi77,12,3,3,3,3,2,3,4,4,24,24,10,11,8,12
Bi78,12,3,3,3,3,2,3,4,4,24,24,10,11,8,12
Bi79,12,3,3,3,3,2,3,4,4,24,24,10,11,8,12
Bi85,12,3,3,3,6,2,4,2,4,2,16,7,15,8,13
Bi86,12,5,5,3,6,2,2,4,8,12,20,6,15,4,4
Bi87,12,3,3,3,6,2,4,2,4,2,16,7,15,8,13
Bi88,12,3,3,3,3,2,3,4,4,24,24,10,11,8,12
Bi89,12,3,3,3,6,2,4,2,4,2,16,7,15,8,13
Bi90,12,3,3,3,3,2,3,4,4,24,24,10,11,8,12
Bi91,12,3,3,3,3,2,3,4,4,24,24,10,11,8,12
Bi92,12,3,3,3,6,2,4,2,4,2,16,7,15,8,13
Bi93,12,3,3,3,7,2,12,3,7,36,36,13,15,8,8
Bi94,12,3,3,3,3,2,3,4,4,24,24,10,11,8,12
Bi95,12,5,5,3,6,2,2,4,8,12,20,6,15,4,4
Bi96,12,3,3,3,3,2,3,4,4,24,24,10,11,8,12
Bi97,12,2,2,0,0,0,0,0,0,2,16,7,15,8,13
Bi98,12,3,3,3,3,2,3,4,4,24,24,10,11,8,12
Bi99,12,3,3,3,3,2,3,4,4,24,24,10,11,8,12
Bi100,12,3,3,3,3,2,3,4,4,24,24,10,11,8,12
Bi101,12,3,3,3,6,2,4,2,4,2,16,7,15,8,13
Bi102,12,3,3,3,6,2,4,2,4,2,16,7,15,8,13
Bi103,12,3,3,3,6,2,4,2,4,2,16,7,15,8,13
Bi104,12,3,3,3,6,2,4,2,4,2,16,7,15,8,13
Bi105,12,3,3,3,6,2,4,2,4,2,16,7,15,8,13
Bi106,12,3,3,3,6,2,4,2,4,2,16,7,15,8,13
Bi113,12,2,3,3,6,2,4,2,4,2,16,0,0,8,13
Bi114,12,3,3,3,3,2,3,4,4,24,24,10,11,8,12
Bi115,12,3,3,3,3,2,3,4,4,24,24,10,11,8,12
Bi116,12,3,3,3,3,2,3,4,4,24,24,10,11,8,12
Bi117,12,3,3,3,3,2,3,4,4,24,24,10,11,8,12
Bi118,12,3,3,3,3,2,3,4,4,24,24,10,11,8,12
Bi119,13,2,3,3,4,2,3,4,4,16,32,15,17,4,8
Bi120,13,2,3,3,4,2,3,4,4,16,32,15,17,4,8
Bi123,14,3,5,3,4,2,2,3,3,28,28,15,17,8,8
Bi124,14,3,5,3,4,2,2,3,3,28,28,15,17,8,8
Bi125,14,3,5,3,4,2,2,3,3,28,28,15,17,8,8
Bi126,14,3,5,3,4,2,2,3,3,28,28,15,17,8,8
Bi127,14,3,5,3,4,2,2,3,3,28,28,15,17,8,8
Bi128,14,3,5,3,4,2,2,3,3,28,28,15,17,8,8
Bi129,14,3,5,3,4,2,2,3,3,28,28,15,17,8,8
Bi146,15,4,5,3,4,2,2,8,8,14,14,11,11,8,8
